step,full_steps,bp_flops,train_loss_ema,val_loss,wall_s
250,0,14699986944000,2.61012,2.51206,6.26
500,52,44475309096960,2.47407,2.49619,13.77
